name,positive_ratings_ratio,price,Peak Viewers,Day,Total viewers,ratingstotal,release_date,Sequel,Charity_stream,tournament,FPS,MOBA
Half-Life,0.96187836,7.1900001,118201,6/19/2020,1304579,28855,11/8/1998,0,1,0,1,0
Team Fortress Classic,0.83978742,3.99,800009,11/18/2020,1202989,3951,4/1/1999,0,0,0,1,0
Half-Life: Opposing Force,0.94799566,3.99,146426,1/18/2020,967829,5538,11/1/1999,0,0,0,1,0
Ricochet,0.80127835,3.99,1131,11/19/2020,1222247,3442,11/1/2000,0,0,0,0,0
Counter-Strike,0.97388816,7.1900001,21837,6/17/2020,709304,127873,11/1/2000,0,0,0,1,0
Half-Life: Blue Shift,0.90099013,3.99,6879,3/20/2020,1637064,4242,6/1/2001,0,0,0,1,0
Half-Life 2: Deathmatch,0.88438374,3.99,709,12/17/2020,780131,6807,11/1/2004,1,0,0,1,0
Counter-Strike: Source,0.95636225,7.1900001,69605,4/20/2020,2538717,80137,11/1/2004,0,0,0,1,0
Half-Life 2,0.96560061,7.1900001,133304,6/19/2020,1304579,70321,11/16/2004,1,0,0,1,0
Sid Meier's Pirates!,0.93189836,5.9899998,5686,2/18/2020,915659,2834,7/11/2005,0,0,0,0,0
Half-Life 2: Lost Coast,0.85006613,0,1815,2/17/2020,744805,6803,10/27/2005,1,0,0,1,0
Half-Life 2: Episode One,0.93863499,5.79,9599,11/17/2020,800069,8425,6/1/2006,1,0,0,1,0
The Ship: Murder Party,0.85884869,0,12073,1/17/2020,811003,5611,7/11/2006,0,0,0,0,0
Psychonauts,0.94734412,6.9899998,176119,1/17/2020,811003,8660,10/11/2006,0,1,0,0,0
Sid Meier's Civilization: III Complete,0.86423063,2.99,294,1/15/2020,493468,2983,10/25/2006,1,0,0,0,0
Dark Messiah of Might & Magic,0.93279457,4.29,11218,9/18/2020,1132031,4702,10/25/2006,0,1,0,0,0
Total War: MEDIEVAL II ,0.94436783,0,19244,7/20/2020,1232340,10875,11/15/2006,0,0,0,0,0
Garry's Mod,0.9567728,6.9899998,96345,1/20/2020,1276009,380154,11/29/2006,0,0,0,0,0
FlatOut 2,0.94066769,5.9899998,25117,12/15/2020,543112,5781,12/21/2006,1,0,0,0,0
Hitman: Blood Money,0.93748999,9.29,126706,1/20/2020,811003,6255,3/15/2007,0,1,0,1,0
S.T.A.L.K.E.R.: Shadow of Chernobyl,0.95090014,9.9899998,18088,7/20/2020,1076453,11609,3/20/2007,0,1,0,1,0
Vampire: The Masquerade - Bloodlines,0.94450408,14.99,85228,1/20/2020,1357375,6523,3/22/2007,0,1,0,0,0
Deus Ex: Game of the Year Edition,0.94733649,4.9899998,111969,6/20/2020,1095466,6589,3/29/2007,0,1,0,1,0
Company of Heroes - Legacy Edition,0.93715632,0,14747,12/20/2020,1183198,5092,7/17/2007,0,0,0,1,0
Return to Castle Wolfenstein,0.91785717,3.99,3253,9/20/2020,534140,3360,8/3/2007,1,1,0,1,0
DOOM 3,0.87504154,0,29066,2/20/2020,593219,3009,8/3/2007,1,0,0,1,0
DOOM II,0.9325676,3.99,138836,1/19/2020,1276009,2699,8/3/2007,1,1,0,1,0
Ultimate Doom,0.93513376,3.99,144017,1/20/2020,1357375,3962,8/3/2007,0,1,0,1,0
QUAKE,0.95061731,3.99,179233,1/17/2020,811003,2754,8/3/2007,0,1,0,1,0
"Warhammer 40,000: Dawn of War II",0.88168001,14.99,1850,4/20/2020,743596,6381,8/7/2007,1,0,0,0,0
"Warhammer 40,000: Space Marine",0.90797603,19.99,11744,9/20/2020,1132031,10845,8/7/2007,0,0,0,0,0
Rome: Total War - Collection,0.93283939,8.9899998,1541,1/20/2020,1276009,8368,8/28/2007,0,0,0,0,0
Half-Life 2: Episode Two,0.95232224,5.79,7007,12/17/2020,780131,14598,10/10/2007,1,0,0,1,0
Portal,0.97957677,7.1900001,169494,7/17/2020,760689,52881,10/10/2007,0,1,0,0,0
Team Fortress 2,0.93810678,0,1304870,1/18/2020,967829,549915,10/10/2007,1,1,0,1,0
Call of Duty: 4: Modern Warfare:,0.91399539,19.99,33068,7/20/2020,599655,9546,11/12/2007,1,0,0,1,0
Max Payne,0.90025222,5.9899998,12018,7/20/2020,1076453,4361,1/4/2008,0,1,0,1,0
Grand Theft Auto III,0.86283833,5.9899998,142393,1/20/2020,618700,5468,1/4/2008,1,0,0,0,0
"Warhammer: 40,000: Dawn of War: - Dark Crusade",0.95539904,9.9899998,8055,7/20/2020,1076453,2982,3/7/2008,1,0,0,0,0
TrackMania Nations Forever,0.86899745,0,3753,1/20/2020,1357375,9496,4/16/2008,0,0,0,0,0
Oddworld: Abe's Oddysee:,0.86105001,1.99,6340,7/20/2020,599655,3181,8/28/2008,0,1,0,0,0
S.T.A.L.K.E.R.: Clear Sky,0.8600651,7.9899998,16286,2/20/2020,1311802,6453,9/15/2008,1,0,0,1,0
The Witcher: Enhanced Edition Director's Cut,0.862176,6.9899998,20502,1/20/2020,811003,30597,9/16/2008,0,0,0,0,0
Crysis,0.82630575,9.9899998,14349,6/20/2020,619838,7352,9/17/2008,0,1,0,1,0
Zombie Panic! Source,0.85212749,0,3756,2/20/2020,915659,6181,10/3/2008,0,0,0,1,0
World of Goo,0.93580717,6.9899998,8476,5/20/2020,593981,3692,10/13/2008,0,0,0,0,0
Bully: Scholarship Edition,0.82820415,9.9899998,23761,7/20/2020,1076453,10268,10/21/2008,0,0,0,0,0
Far Cry:,0.83576053,8.5900002,27783,5/20/2020,683590,3708,10/22/2008,0,0,0,1,0
Fallout 3,0.78551066,7.9899998,150137,7/20/2020,599655,12630,10/28/2008,1,0,0,1,0
Mount & Blade,0.91676199,7.9899998,3710,11/20/2020,1202989,3496,11/3/2008,0,0,0,0,0
Left 4 Dead,0.94983864,7.1900001,140433,1/17/2020,811003,18899,11/17/2008,0,1,0,1,0
Call of Duty:: Modern Warfare: 2,0.91392541,19.99,48777,11/20/2020,1222247,32832,11/18/2008,1,0,0,1,0
Defense Grid: The Awakening,0.96695906,6.9899998,605,9/20/2020,506181,3420,12/8/2008,0,0,0,0,0
SPORE,0.88232547,14.99,21104,1/20/2020,618700,17115,12/19/2008,0,0,0,0,0
Mass Effect,0.93817878,7.9899998,124983,1/20/2020,967829,10773,12/19/2008,0,1,0,1,0
Saints Row 2,0.76620954,9.9899998,3737,8/20/2020,1150353,12323,1/7/2009,1,0,0,1,0
Command & Conquer: Red Alert 3,0.83698761,9.9899998,140933,7/20/2020,1232340,5245,1/8/2009,1,1,0,1,0
Mirror's Edge,0.88422924,9.9899998,186567,1/20/2020,618700,20221,1/14/2009,0,1,0,0,0
F.E.A.R. 2: Project Origin,0.86545068,9.9899998,32587,12/20/2020,780131,3783,2/12/2009,1,0,0,0,0
"Warhammer: 40,000: Dawn of War: - Game of the Year Edition",0.94418859,9.9899998,4577,2/20/2020,744805,3691,2/18/2009,0,0,0,0,0
Burnout Paradise: The Ultimate Box,0.86753964,9.9899998,99995,1/20/2020,967829,11226,3/12/2009,1,1,0,0,0
Caster,0.79059106,0.99000001,1873,7/20/2020,760689,4145,3/19/2009,0,0,0,0,0
Braid,0.9441793,10.99,98983,7/20/2020,599655,6915,4/10/2009,0,1,0,0,0
Two Worlds Epic Edition,0.71571004,6.9899998,6768,7/16/2020,599655,3711,4/30/2009,0,1,0,0,0
Plants vs. Zombies GOTY Edition,0.96990186,4.25,7485,10/16/2020,608466,15084,5/5/2009,0,0,0,0,0
Killing Floor,0.95299774,14.99,27528,12/17/2020,780131,56359,5/14/2009,0,0,0,1,0
Prototype,0.80373424,14.99,5413,11/20/2020,1202989,4606,6/12/2009,0,0,0,0,0
The Elder Scrolls IV: Oblivion: Game of the Year Edition,0.94362926,12.99,144920,7/20/2020,599655,14653,6/16/2009,1,1,0,0,0
The Elder Scrolls III: Morrowind: Game of the Year Edition,0.94659281,12.99,146352,7/20/2020,599655,10111,6/16/2009,1,1,0,0,0
Trine Enchanted Edition,0.95870119,9.9899998,7242,7/20/2020,760689,9855,7/2/2009,0,0,0,0,0
STAR WARS Republic Commando,0.94402599,7.1900001,8354,12/20/2020,1183198,6771,7/8/2009,0,0,0,1,0
"Star Wars: Battlefront 2 (Classic, 2005)",0.92319632,7.1900001,15452,5/20/2020,1262560,31574,7/8/2009,1,0,0,0,0
Bad Rats: the Rats' Revenge,0.77829838,0.79000002,5406,7/20/2020,599655,13446,7/20/2009,0,0,0,0,0
Hearts of Iron III,0.76876456,7.9899998,1897,2/20/2020,593219,4290,8/7/2009,1,0,0,0,0
Fallout 2: A Post Nuclear Role Playing Game,0.93679857,7.9899998,18707,7/20/2020,1232340,5079,8/19/2009,1,0,0,0,0
STAR WARS - Knights of the Old Republic,0.87917018,7.1900001,103627,7/20/2020,599655,13159,9/5/2009,0,1,0,0,0
Resident Evil 5/ Biohazard 5:,0.85112256,13.99,24298,2/20/2020,744805,10868,9/15/2009,1,0,0,1,0
STAR WARS Jedi Knight - Jedi Academy,0.94512802,7.1900001,153791,1/20/2020,967829,6014,9/16/2009,0,1,0,0,0
Risen,0.8680352,7.9899998,3440,2/20/2020,593219,4433,10/2/2009,0,0,0,0,0
Machinarium,0.95369232,7.9899998,4893,1/20/2020,811003,5701,10/16/2009,0,0,0,0,0
Torchlight,0.92346692,10.99,3388,2/20/2020,1410516,4142,10/27/2009,0,0,0,0,0
Dragon Age: Origins,0.92988765,14.99,110048,1/20/2020,618700,6675,11/5/2009,0,0,0,0,0
Overlord,0.92570657,3.49,5542,2/20/2020,1410516,3715,11/12/2009,0,0,0,0,0
LEGO: Star Wars - The Complete Saga,0.9221648,15.49,30871,12/20/2020,1183198,3289,11/12/2009,0,0,0,0,0
Left 4 Dead 2,0.9676488,7.1900001,145489,1/17/2020,811003,260207,11/19/2009,1,1,0,1,0
Serious Sam HD: The First Encounter,0.93624079,10.99,8264,7/20/2020,599655,4219,11/24/2009,0,0,0,1,0
Gothic: 3,0.80271006,8.9899998,4289,11/20/2020,623095,3690,12/2/2009,1,0,0,0,0
Fallout 3: Game of the Year Edition,0.79785943,14.99,150137,7/20/2020,599655,22237,12/17/2009,1,0,0,1,0
Gothic 2,0.88912231,8.9899998,16698,6/20/2020,619838,4284,1/13/2010,1,0,0,0,0
Mass Effect 2,0.95168048,19.99,24686,2/20/2020,744805,11217,1/28/2010,1,0,0,1,0
S.T.A.L.K.E.R.: Call of Pripyat,0.95583534,12.99,33177,7/20/2020,599655,10642,2/11/2010,1,0,0,1,0
"Pirates, Vikings, and Knights II",0.86835557,0,2584,9/20/2020,534140,4421,2/12/2010,1,0,0,0,0
Aliens vs. Predator,0.88847095,9.9899998,4517,4/20/2020,1234112,10634,2/16/2010,0,0,0,0,0
Total War: NAPOLEON ,0.90399069,0,1380,2/20/2020,593219,9447,2/25/2010,0,0,0,0,0
Supreme Commander 2,0.85526526,8.9899998,180,7/20/2020,599655,6239,3/1/2010,1,0,0,0,0
Battlefield: Bad Company 2,0.85624766,14.99,877,4/20/2020,522493,26970,3/2/2010,1,0,0,1,0
Just Cause 2,0.91236067,9.9899998,823,11/20/2020,581150,36867,3/23/2010,1,0,0,1,0
Batman: Arkham Asylum Game of the Year Edition,0.95912486,14.99,125021,1/20/2020,967829,21162,3/26/2010,0,1,0,0,0
Mount & Blade: Warband,0.97165906,14.99,31119,12/20/2020,543112,78085,3/31/2010,1,0,0,0,0
Grand Theft Auto: Episodes from Liberty City,0.73187745,14.99,20370,1/20/2020,1357375,8746,4/12/2010,1,0,0,0,0
Beat Hazard,0.95048308,6.9899998,836,6/20/2020,709304,6624,4/15/2010,0,0,0,0,0
F.E.A.R.,0.93567336,35.959999,13852,4/20/2020,1234112,6809,5/21/2010,0,1,0,0,0
STAR WARS Empire at War - Gold Pack,0.9427911,15.49,13014,11/20/2020,1222247,6922,5/25/2010,0,0,0,0,0
Alpha Protocol,0.79861468,9.9899998,14372,1/20/2020,1276009,3898,5/27/2010,0,0,0,0,0
Arma 2: Operation Arrowhead,0.92089367,11.99,25532,11/20/2020,800069,19202,6/29/2010,1,0,0,1,0
Singularity,0.92415637,14.99,37133,1/20/2020,618700,2993,6/30/2010,0,0,0,1,0
Alien Swarm,0.94879192,0,103722,1/16/2020,618700,18376,7/19/2010,0,1,0,1,0
SimCity 4 Deluxe Edition,0.76431555,9.9899998,955,3/20/2020,615139,4069,7/20/2010,1,0,0,0,0
Worms Reloaded,0.85213202,14.99,39503,8/20/2020,1342559,2908,8/26/2010,1,0,0,0,0
Victoria II,0.88241863,14.99,1378,10/20/2020,589628,5375,8/30/2010,1,0,0,0,0
Amnesia: The Dark Descent,0.94402689,14.99,105207,7/20/2020,599655,21421,9/8/2010,0,1,0,0,0
Sid Meier's Civilization: V,0.95865375,19.99,46335,12/20/2020,780131,134595,9/23/2010,1,0,0,0,0
Lara Croft and the Guardian of Light,0.91359824,7.9899998,117911,1/20/2020,618700,2743,9/28/2010,0,1,0,1,0
Medal of Honor,0.70080805,14.99,9954,12/20/2020,1183198,4579,10/12/2010,0,0,0,0,0
Fallout: New Vegas,0.95495313,7.9899998,182517,1/20/2020,811003,69905,10/21/2010,1,0,0,1,0
Dragon Age: Origins - Ultimate Edition,0.92385149,19.99,110048,1/20/2020,493468,9534,10/29/2010,0,0,0,0,0
Call of Duty: World at War,0.92964226,19.99,16143,6/20/2020,1304579,21078,11/8/2010,1,0,0,1,0
Need For Speed: Hot Pursuit,0.80430186,14.99,5197,12/20/2020,659345,14180,12/14/2010,0,0,0,0,0
EVE Online,0.74598616,0,19345,1/20/2020,967829,11149,12/15/2010,0,0,0,0,0
Grand Theft Auto: Vice City,0.92299736,5.9899998,185209,1/20/2020,1276009,10636,1/10/2011,1,0,0,1,0
Magicka,0.91414583,7.9899998,8959,1/20/2020,967829,22876,1/25/2011,0,0,0,0,0
The Sims 3,0.82408977,24.99,6007,6/20/2020,709304,14172,1/27/2011,1,0,0,0,0
Dead Space 2,0.94775331,14.99,32780,11/20/2020,581150,9436,1/27/2011,1,0,0,1,0
Men of War: Assault Squad,0.87382472,7.1900001,186,5/20/2020,683590,3297,2/24/2011,0,0,0,0,0
BIT.TRIP RUNNER,0.86189401,6.9899998,14500,5/20/2020,593981,3548,2/28/2011,0,0,0,0,0
RIFT,0.74747586,0,4272,3/20/2020,971728,9211,3/1/2011,0,0,0,0,0
Assassin's Creed 2 Deluxe Edition,0.84920001,8.5900002,33045,1/20/2020,811003,17500,3/17/2011,1,0,0,0,0
Mafia II,0.94429427,19.99,28058,3/20/2020,1637064,33300,3/22/2011,1,0,0,1,0
Portal 2,0.98650354,7.1900001,175214,7/17/2020,760689,140111,4/18/2011,1,1,0,0,0
Mount & Blade: With Fire & Sword,0.85530108,7.9899998,4697,1/20/2020,1357375,7291,5/3/2011,1,0,0,0,0
Red Faction:: Armageddon,0.72682792,14.99,427,7/20/2020,599655,3679,6/9/2011,0,0,0,0,0
Champions Online,0.7165978,0,497,2/20/2020,1410516,2904,6/14/2011,0,0,0,0,0
F.E.A.R. 3,0.724895,12.99,3380,1/20/2020,618700,7379,6/21/2011,1,0,0,0,0
LIMBO,0.93829489,6.9899998,27328,8/20/2020,717126,32315,8/2/2011,0,0,0,0,0
Tropico 4,0.91355699,12.49,4541,7/20/2020,1076453,9567,9/1/2011,1,0,0,0,0
Rock of Ages,0.91432583,6.9899998,6437,3/20/2020,615139,2848,9/7/2011,0,0,0,0,0
"Warhammer: 40,000: Dawn of War: - Soulstorm",0.94471294,9.9899998,5555,1/20/2020,811003,5173,9/8/2011,1,0,0,0,0
Red Orchestra 2: Heroes of Stalingrad with Rising Storm,0.92211264,14.99,9997,6/20/2020,619838,29196,9/13/2011,1,0,0,0,0
Supreme Commander: Forged Alliance,0.96616763,8.9899998,7166,6/20/2020,1095466,5143,9/28/2011,0,0,0,0,0
RAGE,0.76523298,7.9899998,14341,5/20/2020,1262560,12276,10/3/2011,0,0,0,1,0
PAYDAY The Heist,0.93186831,10.99,2863,2/20/2020,593219,37178,10/20/2011,0,0,0,1,0
DC Universe Online,0.7925266,0,5917,8/20/2020,513664,12792,11/2/2011,0,0,0,0,0
Saints Row: The Third,0.95979607,6.9899998,29523,3/20/2020,615139,46687,11/17/2011,1,0,0,1,0
Serious Sam 3: BFE,0.88735682,29.99,101191,1/20/2020,967829,17551,11/22/2011,1,1,0,1,0
Star Trek Online,0.76161516,0,8787,8/20/2020,513664,10030,1/31/2012,0,0,0,0,0
The Witcher 2: Assassins of Kings Enhanced Edition,0.88550454,14.99,13068,11/20/2020,800069,41137,4/16/2012,1,0,0,0,0
Risen 2: Dark Waters,0.77024239,7.9899998,4450,8/20/2020,1342559,3878,4/26/2012,1,0,0,0,0
Tribes: Ascend,0.78825533,0,31123,1/20/2020,618700,8206,6/27/2012,0,0,0,1,0
Spec Ops: The Line,0.92528737,19.99,23760,7/20/2020,599655,34974,6/28/2012,0,0,0,1,0
Source Filmmaker,0.93139434,0,1966,7/17/2020,760689,16194,7/10/2012,0,0,0,0,0
Counter-Strike: Global Offensive,0.86795199,0,1298358,1/20/2020,967829,3046717,8/21/2012,1,0,1,1,0
Borderlands 2,0.92917824,19.99,206508,1/20/2020,811003,155616,9/20/2012,1,0,0,1,0
Natural Selection 2,0.84822696,6.9899998,15498,7/20/2020,599655,9870,10/30/2012,1,0,0,1,0
Call of Duty:: Black Ops,0.88534915,29.99,34830,3/20/2020,701500,16040,11/12/2012,1,0,0,1,0
Sniper: Ghost Warrior 2,0.71323299,6.9899998,301,9/20/2020,534140,9499,3/11/2013,1,0,0,1,0
BioShock Infinite,0.95382285,19.99,20775,10/20/2020,589628,83288,3/25/2013,1,0,0,1,0
Far Cry: 2: Fortune's Edition,0.75266677,8.5900002,4968,6/20/2020,1095466,7031,5/1/2013,1,0,0,1,0
GRID 2,0.79889053,19.98,19387,3/20/2020,1273772,14962,5/27/2013,1,0,0,0,0
Trine 2: Complete Story,0.95865297,13.99,22915,7/20/2020,1076453,17075,6/6/2013,1,0,0,0,0
FINAL FANTASY VII,0.93031746,9.9899998,142666,7/20/2020,760689,12600,7/4/2013,1,1,0,0,0
Dota 2,0.85871023,0,1045985,8/19/2020,1342559,1005586,7/9/2013,0,0,1,0,1
Stronghold Crusader HD,0.95999056,7.4899998,9832,3/20/2020,701500,4249,10/21/2013,0,0,0,0,0
Stronghold HD,0.93763709,3.49,10356,1/20/2020,811003,3191,10/21/2013,0,0,0,0,0
Assassin's Creed: Brotherhood,0.8778435,12.49,7063,7/20/2020,760689,7605,11/19/2013,1,0,0,0,0
FINAL FANTASY VIII,0.886428,9.9899998,143278,1/20/2020,1357375,6005,12/5/2013,1,1,0,0,0
Ultra Street Fighter: IV,0.87846184,22.99,143761,12/20/2020,543112,9388,8/7/2014,1,0,0,0,0
Dead Rising: 2,0.74389911,14.99,14784,10/20/2020,608466,3647,9/5/2014,1,0,0,0,0
FINAL FANTASY XIV Online,0.82316411,9.9899998,132239,3/20/2020,1273772,11915,10/9/2014,0,0,0,0,0
Assassin's Creed: Director's Cut Edition,0.83171612,8.5900002,30478,7/20/2020,599655,6905,3/9/2015,0,0,0,0,0
Devil May Cry 5,0.92232555,44.990002,140428,3/20/2020,1273772,19144,6/23/2015,1,0,0,0,0
Trove,0.77748561,0,17482,2/20/2020,744805,61605,7/9/2015,0,0,0,0,0
Universe Sandbox,0.94011122,19.49,5021,10/20/2020,1211344,6295,8/24/2015,0,0,0,0,0
Fallout: A Post Nuclear Role Playing Game,0.91568321,7.9899998,181041,1/20/2020,1357375,7626,11/1/2015,0,1,0,1,0
Tom Clancy's Rainbow Six: Vegas 2,0.84990126,8.5900002,2356,7/20/2020,1232340,3038,12/1/2015,1,0,0,1,0
Who's Your Daddy,0.72240335,3.99,34898,1/20/2020,618700,13498,5/13/2016,0,0,0,0,0
Dead by Daylight,0.75776225,14.99,146848,8/20/2020,1150353,185706,6/14/2016,0,0,0,0,0
Transmissions: Element 120,0.94047761,0,65,7/20/2020,1076453,8417,6/16/2016,0,0,0,1,0
Rec Room,0.93845731,0,19081,8/20/2020,717126,3656,6/28/2016,0,0,0,0,0
The Room Two,0.97671342,3.99,25659,7/20/2020,760689,7558,7/5/2016,1,0,0,0,0
RWBY: Grimm Eclipse,0.82855535,14.99,35296,12/20/2020,543112,10674,7/5/2016,0,0,0,0,0
INSIDE,0.954647,14.99,37950,7/20/2020,599655,20594,7/7/2016,0,0,0,0,0
Replica,0.87118143,1.99,12339,9/20/2020,534140,2717,7/11/2016,0,0,0,0,0
Poly Bridge,0.88773745,7.1900001,37121,1/20/2020,811003,4632,7/12/2016,0,0,0,0,0
klocki,0.97400111,0.79000002,5887,7/20/2020,1076453,3654,7/13/2016,0,0,0,0,0
Polarity,0.80672961,10.29,18635,7/20/2020,599655,4874,7/15/2016,0,0,0,0,0
EARTH DEFENSE FORCE 4.1 The Shadow of New Despair,0.94185537,15.49,22572,7/20/2020,599655,4592,7/18/2016,1,0,0,1,0
Death Road to Canada,0.93391699,10.99,17298,2/20/2020,744805,3541,7/21/2016,0,0,0,0,0
Starbound,0.90465736,11.99,26630,4/20/2020,743596,81978,7/22/2016,0,0,0,0,0
Human: Fall Flat,0.91374922,11.99,73386,1/20/2020,811003,31049,7/22/2016,0,1,0,0,0
Montaro,0.95417613,0.79000002,560,1/20/2020,1276009,10584,7/25/2016,0,0,0,0,0
Half Dead,0.79517192,1.59,41582,2/20/2020,593219,2734,8/1/2016,0,0,0,0,0
ABZU,0.92689866,14.99,28205,8/20/2020,513664,16867,8/2/2016,0,0,0,0,0
This Is the Police,0.82904381,13.99,36886,10/20/2020,786585,6411,8/2/2016,0,0,0,0,0
Batman - The Telltale Series,0.76264644,11.99,46768,8/20/2020,717126,7512,8/2/2016,0,0,0,0,0
Tricky Towers,0.90122813,11.99,50707,4/20/2020,1011491,3827,8/2/2016,0,0,0,0,0
MANDAGON,0.94864923,0,57,8/20/2020,717126,4849,8/3/2016,0,0,0,0,0
Overcooked,0.91099548,12.99,31763,11/20/2020,800069,7303,8/3/2016,0,0,0,0,0
Kingdom: New Lands,0.8617537,10.99,34957,8/20/2020,513664,5360,8/9/2016,0,0,0,0,0
Super Star,0.79751623,1.59,740,10/20/2020,608466,3704,8/11/2016,0,0,0,0,0
F1 2016,0.84099764,39.990002,35111,8/20/2020,513664,3849,8/18/2016,1,0,0,0,0
Duelyst,0.81374621,0,22997,2/20/2020,593219,4263,8/23/2016,0,0,0,0,0
The Pirate: Caribbean Hunt,0.79498941,0,15,8/20/2020,1150353,2834,8/24/2016,0,0,0,0,0
Valley,0.91291565,14.99,29359,8/20/2020,513664,4421,8/24/2016,0,0,0,0,0
GOD EATER 2 Rage Burst,0.7773084,39.990002,32229,9/20/2020,534140,3314,8/29/2016,1,0,0,0,0
The Final Station,0.83903772,10.99,16918,9/20/2020,534140,4032,8/30/2016,0,0,0,0,0
The Turing Test,0.86106348,14.99,123846,1/20/2020,811003,3498,8/30/2016,0,1,0,0,0
Titan Quest Anniversary Edition,0.9115693,17.99,2202,5/20/2020,1024200,11591,8/31/2016,0,0,0,0,0
Redout: Enhanced Edition,0.87341338,29.99,33742,7/20/2020,1232340,2915,9/2/2016,0,0,0,0,0
Mother Russia Bleeds,0.8585791,10.99,4094,6/20/2020,1304579,2984,9/5/2016,0,0,0,0,0
Aim Hero,0.85003275,3.99,6728,6/20/2020,1304579,3054,9/5/2016,0,0,0,0,0
How to Survive 2,0.70207381,10.99,738,11/20/2020,1202989,8294,9/8/2016,1,0,0,0,0
STEINS;GATE,0.97777778,23.99,5321,2/20/2020,1311802,5850,9/8/2016,0,0,0,0,0
TOXIKK,0.76580149,0,6334,1/20/2020,618700,5047,9/10/2016,0,0,0,1,0
PRICE,0.94741595,0,6444,4/20/2020,1011491,4431,9/15/2016,0,0,0,0,0
Rivals of Aether,0.87527275,10.99,44783,2/20/2020,1311802,5500,3/28/2017,0,0,0,0,0
The Elder Scrolls V: Skyrim,0.94073039,9.9899998,195899,1/20/2020,967829,252254,5/22/2017,1,1,0,0,0
NEKOPARA Vol. 3,0.97436547,6.9899998,2022,8/20/2020,717126,7880,5/25/2017,1,0,0,0,0
EVERSPACE,0.78885001,22.99,39643,5/20/2020,683590,5148,5/25/2017,0,0,0,0,0
Friday the 13th: The Game,0.70307863,15.49,125328,5/20/2020,683590,27967,5/25/2017,0,0,0,0,0
RiME,0.90218598,29.99,16483,6/20/2020,709304,2699,5/26/2017,0,0,0,0,0
Emily is Away Too,0.93100274,3.99,41929,5/20/2020,683590,3261,5/26/2017,1,0,0,0,0
Confess My Love,0.94139093,0,6851,9/20/2020,1132031,3566,5/27/2017,0,0,0,0,0
Dragonia,0.86664134,1.59,7,9/20/2020,1219579,5264,5/29/2017,0,0,0,0,0
Rising Storm 2: Vietnam,0.7826463,18.99,43582,6/20/2020,709304,21978,5/30/2017,1,0,0,1,0
DEEP SPACE WAIFU,0.96628314,1.59,3686,11/20/2020,800069,7474,5/31/2017,0,0,0,0,0
The Elder Scrolls:: Legends,0.7187835,0,44757,8/20/2020,1150353,7464,5/31/2017,0,0,0,0,0
Witch It,0.90304899,10.99,54175,6/20/2020,709304,2919,5/31/2017,0,0,0,0,0
TEKKEN 7,0.83060461,34.990002,236556,7/20/2020,1232340,263397,6/1/2017,1,0,1,0,0
WILL: A Wonderful World,0.94946051,10.99,1137,8/20/2020,1150353,3522,6/6/2017,0,0,0,0,0
Realm Grinder,0.8303408,0,429,12/20/2020,1136970,2729,6/15/2017,0,0,0,0,0
Material Girl,0.91439897,1.59,3,10/20/2020,1211344,7570,6/20/2017,0,0,0,0,0
Dungeon Defenders II,0.73901701,0,29509,2/20/2020,593219,14568,6/20/2017,1,0,0,0,0
House Party,0.84880161,10.99,45417,7/20/2020,760689,3922,6/30/2017,0,0,0,0,0
Unturned,0.90285015,0,31343,11/20/2020,581150,324056,7/7/2017,0,0,0,0,0
GORN,0.96437806,14.99,31679,12/20/2020,780131,3481,7/10/2017,0,0,0,0,0
Loading Screen Simulator,0.86069357,0,4388,12/20/2020,780131,6719,7/13/2017,0,0,0,0,0
Ultimate General: Civil War,0.85808927,22.99,1737,12/20/2020,659345,2868,7/14/2017,0,0,0,0,0
OLDTV,0.95146275,0,3720,12/20/2020,780131,4512,7/15/2017,0,0,0,0,0
Hand Simulator,0.78606409,1.59,61470,10/20/2020,1145919,12457,7/18/2017,0,0,0,0,0
Kingdoms and Castles,0.85078013,6.9899998,50067,7/20/2020,760689,7499,7/20/2017,0,0,0,0,0
Dreamfall Chapters,0.8342672,18.99,5134,5/20/2020,593981,3391,7/21/2017,0,0,0,0,0
Fate/EXTELLA,0.93282843,29.99,16379,7/20/2020,760689,3037,7/25/2017,0,0,0,0,0
Pyre,0.90500212,15.49,34317,7/20/2020,760689,4758,7/25/2017,0,0,0,0,0
Foxhole,0.79713947,14.99,47777,6/20/2020,709304,7621,7/27/2017,0,0,0,0,0
Car Mechanic Simulator 2018,0.77334869,14.99,37783,7/20/2020,760689,12142,7/28/2017,1,0,0,0,0
Black Squad,0.75252366,0,38899,7/20/2020,760689,44776,7/28/2017,0,0,0,1,0
The Long Dark,0.91430396,23.790001,33607,1/20/2020,1276009,50154,8/1/2017,0,0,0,0,0
Slime Rancher,0.96166068,14.99,37991,1/20/2020,618700,25170,8/1/2017,0,0,0,0,0
Hellblade: Senua's Sacrifice,0.91807371,24.99,83708,8/20/2020,717126,22032,8/7/2017,0,0,0,0,0
West of Loathing,0.97622871,8.29,37187,8/20/2020,717126,3113,8/10/2017,0,0,0,0,0
>observer_,0.80891514,22.99,38710,8/20/2020,717126,3051,8/15/2017,0,0,0,0,0
20XX,0.92668098,10.99,6749,10/20/2020,786585,2796,8/16/2017,0,0,0,0,0
Darkwood,0.94186616,11.99,39458,8/20/2020,717126,4094,8/17/2017,0,0,0,0,0
The Escapists 2,0.81333971,19.99,54879,8/20/2020,717126,6252,8/21/2017,1,0,0,0,0
Robocraft,0.72170782,0,11039,12/20/2020,659345,111347,8/24/2017,0,0,0,0,0
Comedy Night,0.76621002,3.99,32797,9/20/2020,732925,5475,8/24/2017,0,0,0,0,0
F1 2017,0.83128077,44.990002,46173,9/20/2020,732925,4060,8/24/2017,1,0,0,0,0
Fishing Planet,0.76068991,0,38821,4/20/2020,743596,13915,8/28/2017,0,0,0,0,0
Life is Strange: Before the Storm,0.93455327,13.99,40338,9/20/2020,732925,23225,8/31/2017,1,0,0,0,0
Idle Champions of the Forgotten Realms,0.81033999,0,9788,12/20/2020,780131,3559,9/7/2017,0,0,0,0,0
HIVESWAP: Act 1,0.94448054,5.5900002,1191,9/20/2020,732925,3080,9/14/2017,0,0,0,0,0
Divinity: Original Sin 2 - ,0.94713467,29.99,56005,9/20/2020,732925,46609,9/14/2017,1,0,0,0,0
Dishonored:: Death of the Outsider,0.84111601,19.99,131032,1/20/2020,1276009,3405,9/14/2017,0,1,0,0,0
Tricolour Lovestory,0.91037738,1.59,657,7/20/2020,1076453,12508,9/20/2017,0,0,0,0,0
Heat Signature,0.93654454,10.99,16945,9/20/2020,732925,3467,9/21/2017,0,0,0,0,0
Project CARS 2,0.70574367,44.990002,37062,9/20/2020,732925,5937,9/21/2017,1,0,0,0,0
Holdfast: Nations At War,0.8545633,14.99,43613,9/20/2020,732925,5095,9/21/2017,0,0,0,0,0
Danganronpa V3: Killing Harmony,0.85017055,30.99,15306,10/20/2020,786585,3811,9/25/2017,1,0,0,0,0
RUINER,0.90671706,14.99,45997,10/20/2020,786585,5821,9/26/2017,0,0,0,0,0
Total War: WARHAMMER II,0.86642277,39.990002,38377,9/20/2020,732925,22414,9/28/2017,0,0,0,0,0
Cuphead,0.95809376,14.99,184477,1/20/2020,1276009,40519,9/29/2017,0,1,0,0,0
Battle Chasers: Nightwar,0.88845927,24.99,31478,10/20/2020,1145919,3362,10/3/2017,0,0,0,1,0
Road Redemption,0.81930184,14.99,34215,10/20/2020,786585,5844,10/4/2017,0,0,0,0,0
A Hat in Time,0.97959614,22.99,173228,6/20/2020,1095466,14311,10/5/2017,0,1,0,0,0
Doki Doki Literature Club!,0.96800542,0,29839,12/20/2020,780131,112144,10/6/2017,0,0,0,0,0
Middle-earth: Shadow of War,0.77862924,34.990002,120873,10/20/2020,786585,25446,10/9/2017,0,0,0,0,0
The Evil Within 2,0.91822791,39.990002,157125,10/20/2020,786585,9661,10/12/2017,1,0,0,0,0
Dungeons 3,0.94443274,29.99,26948,10/20/2020,786585,9502,10/13/2017,1,0,0,0,0
Overgrowth,0.70874864,22.99,40894,11/20/2020,800069,4515,10/16/2017,0,0,0,0,0
South Park: The Fractured But Whole,0.70584804,49.990002,161626,10/20/2020,786585,6857,10/16/2017,1,0,0,0,0
Brawlhalla,0.83489639,0,39215,10/20/2020,1145919,87757,10/17/2017,0,0,0,0,0
ELEX,0.75272542,39.990002,56864,10/20/2020,786585,9815,10/17/2017,0,0,0,0,0
Bomber Crew,0.88594657,14.99,40036,10/20/2020,786585,4305,10/19/2017,0,0,0,0,0
Assassin's Creed: Revelations,0.84857184,12.49,3353,8/20/2020,717126,6967,10/26/2017,1,0,0,0,0
Wolfenstein II: The New Colossus,0.72451061,39.990002,86606,10/20/2020,786585,16193,10/26/2017,1,0,0,1,0
Sword Art Online: Hollow Realization Deluxe Edition,0.80179423,39.990002,1660,12/20/2020,1136970,3567,10/27/2017,0,0,0,0,0
MudRunner,0.83297706,19.99,36489,11/20/2020,800069,7017,10/30/2017,0,0,0,0,0
Codename CURE,0.8254174,0,726,6/20/2020,1095466,13896,10/31/2017,0,0,0,0,0
Fox Hime,0.86040872,1.6900001,86,1/20/2020,1357375,2887,11/2/2017,0,0,0,0,0
Hand of Fate 2,0.86614728,23.790001,45824,11/20/2020,800069,2824,11/7/2017,1,0,0,0,0
Nioh,0.78679353,39.990002,93044,2/20/2020,744805,12509,11/7/2017,0,0,0,0,0
Superflight,0.96449596,2.0899999,23456,12/20/2020,780131,5436,11/8/2017,0,0,0,0,0
Battlerite,0.83677918,0,52855,11/20/2020,800069,49093,11/8/2017,0,0,0,0,0
World of Warships,0.71906841,0,15376,4/20/2020,522493,13053,11/15/2017,0,0,0,0,0
Yu-Gi-Oh! Duel Links,0.75664639,0,22914,12/20/2020,780131,10532,11/16/2017,0,0,0,0,0
Tannenberg,0.83259791,15.49,37361,11/20/2020,800069,3626,11/16/2017,0,0,0,0,0
Injustice 2,0.7965734,39.990002,64375,5/20/2020,683590,4611,11/30/2017,1,0,0,0,0
Freddy Fazbear's Pizzeria Simulator,0.93116546,0,38225,12/20/2020,780131,8426,12/4/2017,0,0,0,0,0
Getting Over It with Bennett Foddy,0.7900843,5.79,86187,11/20/2020,800069,13877,12/6/2017,0,0,0,0,0
SpellForce 3,0.71620667,39.990002,11538,12/20/2020,780131,2826,12/7/2017,1,0,0,0,0
OKAMI HD ,0.92362458,15.99,29429,12/20/2020,780131,3090,12/12/2017,0,0,0,0,0
They Are Billions,0.85554218,19.49,96057,1/20/2020,967829,13298,12/12/2017,0,0,0,0,0
Finding Paradise,0.98164451,6.9899998,5111,8/20/2020,1150353,6701,12/14/2017,0,0,0,0,0
Gorogoa,0.97350043,11.39,27850,12/20/2020,780131,4868,12/14/2017,0,0,0,0,0
SCP: Secret Laboratory,0.84361911,0,44669,4/20/2020,1011491,23155,12/29/2017,0,0,0,0,0
The Red Strings Club,0.92402887,11.39,28221,2/20/2020,915659,2909,1/22/2018,0,0,0,0,0
Subnautica,0.94335967,19.49,60950,1/20/2020,1276009,95568,1/23/2018,0,0,0,0,0
Celeste,0.97233045,14.99,170522,1/20/2020,1276009,7445,1/25/2018,0,1,0,0,0
Railway Empire,0.80831534,39.990002,22910,2/20/2020,915659,3704,1/26/2018,0,0,0,0,0
DRAGON BALL FighterZ,0.82180244,44.990002,241067,8/20/2020,1150353,12705,1/26/2018,0,0,0,0,0
Freeman: Guerrilla Warfare,0.84315157,11.39,35900,7/20/2020,1076453,5483,2/1/2018,0,0,0,1,0
Closers,0.73738819,0,5541,7/20/2020,760689,2795,2/6/2018,0,0,0,0,0
Rust,0.80403823,27.790001,57838,2/20/2020,593219,274079,2/8/2018,0,0,0,0,0
Kingdom Come: Deliverance,0.7633673,29.99,211281,2/20/2020,915659,39331,2/13/2018,0,0,0,0,0
Hunt Showdown,0.74510866,25.99,135761,1/20/2020,967829,27753,2/22/2018,0,0,1,1,0
Sword Art Online: Fatal Bullet,0.73086864,34.990002,35909,2/20/2020,915659,7736,2/23/2018,1,0,0,0,0
SoulWorker - Anime Action MMO,0.75766832,0,7240,4/20/2020,1011491,7857,2/26/2018,0,0,0,0,0
Cyberdimension Neptunia: 4 Goddesses Online | åå¥³ç¥ãªã³ã©ã¤ã³ CYBER DIMENSION NEPTUNE | åå¥³ç¥ONLINE å¹»æ¬¡åéæ²æ°æ©å°å¥³,0.87600118,30.99,3309,8/20/2020,1150353,3371,2/27/2018,1,0,0,0,0
Into the Breach,0.92488098,11.39,39128,2/20/2020,915659,5671,2/27/2018,0,0,0,0,0
Deep Rock Galactic,0.92445004,24.99,50328,3/20/2020,971728,11092,2/28/2018,0,0,0,0,0
Pit People:,0.94173849,15.49,43407,1/20/2020,811003,5338,3/2/2018,0,0,0,0,0
FINAL FANTASY: XIII,0.71701586,10.99,8108,9/20/2020,506181,9785,3/6/2018,1,0,0,0,0
Northgard,0.84072137,23.790001,35853,11/20/2020,800069,14528,3/7/2018,0,0,0,0,0
Warhammer: Vermintide 2,0.74567515,23.790001,77418,3/20/2020,971728,28845,3/8/2018,1,0,0,0,0
Darwin Project,0.80997485,0,200629,3/20/2020,971728,11930,3/9/2018,0,0,0,1,0
Surviving Mars,0.71027029,26.99,36527,3/20/2020,971728,5550,3/15/2018,0,0,0,0,0
Sword With Sauce,0.83962262,2.0899999,741,3/20/2020,971728,4240,3/20/2018,0,0,0,0,0
Ni no Kuni II: Revenant Kingdom,0.83462936,49.990002,30369,3/20/2020,971728,3858,3/23/2018,1,0,0,0,0
Jalopy - The Road Trip Driving Indie Car Game (å¬è·¯æè¡é©¾é©¶æ¸¸æ),0.76057202,10.99,16010,5/20/2020,1024200,4895,3/28/2018,0,0,0,0,0
AirMech Strike,0.84140968,0,35060,4/20/2020,1234112,9080,3/30/2018,0,0,0,0,0
The Elder Scrolls: Online,0.78901779,14.99,151951,1/20/2020,1276009,70769,4/2/2018,0,0,0,0,0
Friday the 13th: Killer Puzzle,0.941,0,41537,4/20/2020,1011491,4000,4/12/2018,0,0,0,0,0
Amorous,0.79856973,0,180,3/20/2020,1637064,5034,4/13/2018,0,0,0,0,0
Marie's Room,0.94792087,0,1153,5/20/2020,1024200,4954,4/13/2018,0,0,0,0,0
Mirror,0.97468157,1.6900001,5184,7/20/2020,1076453,45066,4/19/2018,0,0,0,0,0
For The King,0.87854827,15.49,30372,1/20/2020,967829,12647,4/19/2018,0,0,0,0,0
BATTLETECH,0.79300958,34.990002,26795,4/20/2020,1011491,18368,4/24/2018,0,0,0,0,0
Frostpunk,0.89921135,24.99,58833,4/20/2020,1011491,45521,4/24/2018,0,0,0,0,0
Call to Arms,0.76693815,0,483,2/20/2020,915659,11173,4/27/2018,0,0,0,1,0
The Forest,0.93817169,15.49,53419,1/20/2020,1276009,177815,4/30/2018,0,0,0,0,0
Beat Saber,0.96019131,15.49,36416,5/20/2020,1024200,33661,5/1/2018,0,0,0,0,0
Pillars of Eternity II: Deadfire,0.86168055,32.990002,23893,5/20/2020,1024200,8878,5/8/2018,1,0,0,0,0
Paladins:,0.85341223,0,45152,1/20/2020,811003,260738,5/8/2018,0,0,0,0,1
Wizard of Legend,0.91663113,12.39,63341,5/20/2020,1024200,9380,5/15/2018,0,0,0,0,0
House Flipper,0.88043874,15.49,33266,5/20/2020,1024200,21972,5/17/2018,0,0,0,0,0
FAR: Lone Sails,0.93071918,11.39,33860,5/20/2020,1024200,5687,5/17/2018,0,0,0,0,0
Raft,0.88500936,14.99,136594,5/20/2020,1024200,47543,5/23/2018,0,0,0,0,0
Moonlighter,0.82708359,15.49,30600,5/20/2020,1024200,8027,5/29/2018,0,0,0,0,0
Vampyr,0.746960732,44.990002,114271,6/20/2020,1095466,9295,6/4/2018,0,0,0,0,0
Totally Accurate Battlegrounds,0.82268876,3.99,48676,6/20/2020,1095466,29389,6/5/2018,0,0,0,0,0
Jurassic World Evolution,0.80223429,34.990002,202465,6/20/2020,1095466,26496,6/11/2018,0,0,0,0,0
Wreckfest,0.81879001,38.990002,79719,6/20/2020,1095466,17339,6/14/2018,0,0,0,0,0
Cuisine Royale,0.8131935,0,58647,6/20/2020,1095466,22981,6/15/2018,0,0,0,0,0
Soul at Stake,0.780978098,13.99,11792,6/20/2020,1095466,6666,6/25/2018,0,0,0,0,0
The Awesome Adventures of Captain Spirit,0.926012,0,33924,6/20/2020,1095466,10326,6/25/2018,0,0,0,0,0
Ultimate Custom Night,0.95380242,0,25994,7/20/2020,1076453,14070,6/27/2018,0,0,0,0,0
Crash Bandicoot N. Sane Trilogy,0.931021485,34.990002,159634,1/20/2020,1276009,7959,6/29/2018,0,1,0,0,0
Dig or Die,0.90808609,9.29,29169,7/20/2020,1076453,3438,7/10/2018,0,0,0,0,0
The Vagrant,0.90823212,2.8900001,5377,8/20/2020,1150353,4446,7/13/2018,0,0,0,0,0
Stonehearth,0.7621803,15.49,6747,11/20/2020,1202989,8641,7/25/2018,0,0,0,0,0
Yakuza 0,0.91199126,14.99,20115,8/20/2020,1150353,19214,8/1/2018,1,0,0,0,0
Creative Destruction,0.79764497,0,78972,12/20/2020,1136970,12399,8/2/2018,0,0,0,1,0
Dead Cells,0.9648389,21.99,157015,1/20/2020,1276009,50027,8/6/2018,0,1,0,0,0
Fate Seeker,0.92023701,15.8,10937,8/20/2020,1150353,4388,8/7/2018,0,0,0,0,0
Overcooked! 2,0.88068214,19.99,56366,8/20/2020,1150353,17533,8/7/2018,1,0,0,0,0
TerraTech,0.8747215,19.99,30601,8/20/2020,1150353,9874,8/10/2018,0,0,0,0,0
We Happy Few,0.726767133,44.990002,46964,8/20/2020,1150353,5574,8/10/2018,0,0,0,0,0
Mist Survival,0.82483449,8.29,32268,8/20/2020,1150353,5589,8/14/2018,0,0,0,0,0
Graveyard Keeper,0.82954876,15.49,48576,8/20/2020,1150353,13740,8/15/2018,0,0,0,0,0
F1 2018,0.85470377,44.990002,26830,3/20/2020,1273772,5857,8/23/2018,1,0,0,0,0
Green Hell,0.8464808,15.49,43695,9/20/2020,1219579,12233,8/29/2018,0,0,0,0,0
Two Point Hospital,0.89995398,24.99,46234,9/20/2020,1132031,17382,8/29/2018,0,0,0,0,0
DRAGON QUEST: XI: Echoes of an Elusive Age - Digital Edition of Light,0.93174277,39.990002,23595,9/20/2020,1132031,6329,9/4/2018,1,0,0,0,0
Breathedge,0.91611769,12.39,23727,9/20/2020,1132031,4554,9/13/2018,0,0,0,0,0
Shadow of the Tomb Raider,0.79375597,44.990002,83572,9/20/2020,1132031,31390,9/14/2018,0,0,0,0,0
Distance,0.928318089,19.49,18884,4/20/2020,1011491,5357,9/18/2018,0,0,0,0,0
Ring of Elysium,0.76203641,0,57675,7/20/2020,1232340,87173,9/19/2018,0,0,0,1,0
CrossCode,0.9482048,14.99,23714,9/20/2020,1132031,8746,9/20/2018,0,0,0,0,0
Pathfinder: Kingmaker,0.7739375,34.990002,34102,9/20/2020,1132031,15624,9/25/2018,0,0,0,0,0
Life is Strange 2,0.83446404,6.4899998,49183,9/20/2020,1132031,14003,9/26/2018,1,0,0,0,0
MapleStory 2,0.74618428,0,33039,10/20/2020,1145919,8845,10/4/2018,1,0,0,0,0
Assassin's Creed: Origins,0.85320817,49.990002,80844,10/20/2020,786585,48579,10/5/2018,1,0,0,0,0
Farm Together,0.93585363,15.49,37932,2/20/2020,915659,9073,10/11/2018,0,0,0,0,0
RimWorld,0.98234621,27.790001,40076,3/20/2020,1637064,72619,10/17/2018,0,0,0,0,0
SOULCALIBUR VI,0.8057509,49.990002,41853,8/20/2020,1342559,6538,10/18/2018,1,0,0,0,0
Return of the Obra Dinn,0.9689464,15.49,48512,10/20/2020,1145919,7793,10/18/2018,0,0,0,0,0
Football Manager 2019,0.8536873,37.990002,23685,5/20/2020,1262560,10997,11/2/2018,1,0,0,0,0
Thronebreaker: The Witcher Tales,0.9082816,23.389999,121697,10/20/2020,1145919,7414,11/9/2018,0,0,0,0,0
HITMAN 2,0.8972765,44.990002,78744,11/20/2020,1202989,33157,11/13/2018,1,0,0,1,0
Farming Simulator 19,0.89970066,29.99,44919,12/20/2020,1136970,23051,11/19/2018,1,0,0,0,0
Age of Civilizations II,0.8258079,4.4899998,2475,4/20/2020,1011491,8726,11/21/2018,1,0,0,0,0
Darksiders III,0.75539656,44.990002,77310,11/20/2020,1202989,8246,11/27/2018,1,0,0,0,0
Mutant Year Zero: Road to Eden,0.90804997,29.99,43432,12/20/2020,1136970,14410,12/4/2018,0,0,0,0,0
DUSK,0.98353256,15,26539,12/20/2020,1136970,8198,12/10/2018,0,0,0,1,0
Insurgency: Sandstorm,0.8124832,25.99,46465,12/18/2020,1136970,48401,12/12/2018,0,0,0,1,0
GRIS,0.96792786,14.49,37570,12/18/2020,1136970,25505,12/13/2018,0,0,0,0,0
Book of Demons,0.92085639,19.99,39327,12/18/2020,1136970,8314,12/13/2018,0,0,0,0,0
My Time At Portia,0.92649167,24.99,27290,2/19/2020,1311802,22324,1/15/2019,0,0,0,0,0
DESOLATE,0.71034337,19.99,41835,1/19/2020,1276009,4747,1/17/2019,0,0,0,0,0
Slay the Spire,0.97752169,19.49,48164,2/18/2020,915659,68555,1/23/2019,0,0,0,0,0
RESIDENT EVIL 2 / BIOHAZARD RE:2,0.97247666,44.990002,314244,1/19/2020,1276009,68451,1/24/2019,1,0,0,1,0
ACE COMBAT 7: SKIES UNKNOWN,0.82574794,49.990002,28690,1/19/2020,1276009,11799,1/31/2019,1,0,0,0,0
ASTRONEER,0.89194623,23.790001,64365,12/16/2020,659345,56694,2/5/2019,0,0,0,0,0
Far Cry: New Dawn,0.76774255,37.990002,54881,2/20/2020,1410516,10441,2/15/2019,1,0,0,1,0
Touhou Luna Nights,0.97929805,13.99,101844,1/20/2020,1357375,7294,2/25/2019,0,0,0,0,0
Space Engineers,0.87904659,15.49,9940,8/19/2020,1150353,88315,2/28/2019,0,0,0,0,0
When the Darkness comes,0.91950741,0,28503,2/19/2020,1311802,5603,3/1/2019,0,0,0,0,0
Dawn of Man,0.85652443,19.49,31980,3/20/2020,1273772,8085,3/1/2019,0,0,0,0,0
Devil May Cry: 4 Special Edition,0.90684779,19.99,21426,2/19/2020,1311802,7214,3/7/2019,1,0,0,0,0
Sekiro: Shadows Die Twice,0.93932281,49.900002,279037,3/19/2020,1273772,83079,3/21/2019,0,0,0,0,0
Outward,0.76001204,34.990002,34644,4/19/2020,1234112,9963,3/26/2019,0,0,0,0,0
Unheard,0.97017905,5.1900001,12065,4/19/2020,1234112,16029,3/28/2019,0,0,0,0,0
Risk of Rain 2,0.96126168,14.99,46400,4/19/2020,1234112,83793,3/28/2019,1,0,0,1,0
Tropico 6,0.87062085,39.990002,30684,3/19/2020,1273772,11903,3/29/2019,1,0,0,0,0
Totally Accurate Battle Simulator,0.97393565,11.39,33236,4/18/2020,1011491,29619,4/1/2019,0,0,0,0,0
BLOCKPOST,0.75069949,0,2434,11/20/2020,1202989,10722,4/25/2019,0,0,0,1,0
Mordhau,0.83294132,29.99,65292,6/1/2019,1095466,65474,4/29/2019,0,0,1,0,0
Splitgate,0.7913926,0,87050,5/1/2019,1262560,8667,5/24/2019,0,0,1,1,0
